ErrorCode;ErrorCodeMain;DescriptionMain;DescriptionMainWithCode;CodeAndDescription;ErrorDescription;ErrorGroup
1B0;1B;1.СТ.БРЕКЕР(1В);1B - 1.СТ.БРЕКЕР(1В);1B0-Отсутствие 1 брекера, ТВМ работает;Отсутствие 1 брекера, ТВМ работает;Отсутствие компонента
1B10;1B;1.СТ.БРЕКЕР(1В);1B - 1.СТ.БРЕКЕР(1В);1B10-Сработал детектор проволоки/чужеродного объекта 1 брекера;Сработал детектор проволоки/чужеродного объекта 1 брекера;Качество компонента
1B11;1B;1.СТ.БРЕКЕР(1В);1B - 1.СТ.БРЕКЕР(1В);1B11-Сбой оси/перегруз  конвейера 1 брекера;Сбой оси/перегруз  конвейера 1 брекера;Сбой
1B12;1B;1.СТ.БРЕКЕР(1В);1B - 1.СТ.БРЕКЕР(1В);1B12-Сбой на станции размотки 1 брекера;Сбой на станции размотки 1 брекера;Сбой
1B13;1B;1.СТ.БРЕКЕР(1В);1B - 1.СТ.БРЕКЕР(1В);1B13-Не замеряет 1 брекер;Не замеряет 1 брекер;Сбой
1B14;1B;1.СТ.БРЕКЕР(1В);1B - 1.СТ.БРЕКЕР(1В);1B14-Не подается на барабан 1 брекер;Не подается на барабан 1 брекер;Сбой
1B15;1B;1.СТ.БРЕКЕР(1В);1B - 1.СТ.БРЕКЕР(1В);1B15-Замена ножа 1 брекера;Замена ножа 1 брекера;Ремонт
1B16;1B;1.СТ.БРЕКЕР(1В);1B - 1.СТ.БРЕКЕР(1В);1B16- Сбой системы центрирования 1 брекер; Сбой системы центрирования 1 брекер;Сбой
1B1;1B;1.СТ.БРЕКЕР(1В);1B - 1.СТ.БРЕКЕР(1В);1B1-Отсутствие 1 брекера;Отсутствие 1 брекера;Отсутствие компонента
1B2;1B;1.СТ.БРЕКЕР(1В);1B - 1.СТ.БРЕКЕР(1В);1B2-Брак 1 брекера;Брак 1 брекера;Качество компонента
1B3;1B;1.СТ.БРЕКЕР(1В);1B - 1.СТ.БРЕКЕР(1В);1B3-Некорректное наложение 1 брекера;Некорректное наложение 1 брекера;Настройка
1B4;1B;1.СТ.БРЕКЕР(1В);1B - 1.СТ.БРЕКЕР(1В);1B4-Настройка наложения 1 брекера;Настройка наложения 1 брекера;Настройка
1B5;1B;1.СТ.БРЕКЕР(1В);1B - 1.СТ.БРЕКЕР(1В);1B5-Настройка подачи/реза 1 брекера;Настройка подачи/реза 1 брекера;Настройка
1B6;1B;1.СТ.БРЕКЕР(1В);1B - 1.СТ.БРЕКЕР(1В);1B6-Затор 1 брекера под планку ножа;Затор 1 брекера под планку ножа;Затор компонента
1B7;1B;1.СТ.БРЕКЕР(1В);1B - 1.СТ.БРЕКЕР(1В);1B7-Затор 1 брекера на ноже;Затор 1 брекера на ноже;Затор компонента
1B8;1B;1.СТ.БРЕКЕР(1В);1B - 1.СТ.БРЕКЕР(1В);1B8-Затор 1 брекера между конвейерами;Затор 1 брекера между конвейерами;Затор компонента
1B9;1B;1.СТ.БРЕКЕР(1В);1B - 1.СТ.БРЕКЕР(1В);1B9-Ремонт системы подачи 1 брекера, дать пояснение;Ремонт системы подачи 1 брекера, дать пояснение;Ремонт
1K0;1K;1.ТЕКСТ.КОРД(1K);1K - 1.ТЕКСТ.КОРД(1K);1K0-Отсутствие 1 текстильного корда, ТВМ работает;Отсутствие 1 текстильного корда, ТВМ работает;Отсутствие компонента
1K10;1K;1.ТЕКСТ.КОРД(1K);1K - 1.ТЕКСТ.КОРД(1K);1K10-Сработал  детектор складки 1 текст.корда;Сработал  детектор складки 1 текст.корда;Качество компонента
1K11;1K;1.ТЕКСТ.КОРД(1K);1K - 1.ТЕКСТ.КОРД(1K);1K11-Сбой оси/перегруз  конвейера 1 текст.корда;Сбой оси/перегруз  конвейера 1 текст.корда;Сбой
1K12;1K;1.ТЕКСТ.КОРД(1K);1K - 1.ТЕКСТ.КОРД(1K);1K12-Сбой на станции размотки 1 текст.корда;Сбой на станции размотки 1 текст.корда;Сбой
1K13;1K;1.ТЕКСТ.КОРД(1K);1K - 1.ТЕКСТ.КОРД(1K);1K13-Не замеряет 1 текст.корд;Не замеряет 1 текст.корд;Сбой
1K14;1K;1.ТЕКСТ.КОРД(1K);1K - 1.ТЕКСТ.КОРД(1K);1K14-Не подается на барабан 1 текст.корд;Не подается на барабан 1 текст.корд;Сбой
1K15;1K;1.ТЕКСТ.КОРД(1K);1K - 1.ТЕКСТ.КОРД(1K);1K15-Замена ножа 1 текст.корд;Замена ножа 1 текст.корд;Ремонт
1K16;1K;1.ТЕКСТ.КОРД(1K);1K - 1.ТЕКСТ.КОРД(1K);1K16-Сбой системы центрирования 1 текст.корда;Сбой системы центрирования 1 текст.корда;Сбой
1K1;1K;1.ТЕКСТ.КОРД(1K);1K - 1.ТЕКСТ.КОРД(1K);1K1-Отсутствие 1 текстильного корда;Отсутствие 1 текстильного корда;Отсутствие компонента
1K2;1K;1.ТЕКСТ.КОРД(1K);1K - 1.ТЕКСТ.КОРД(1K);1K2-Брак 1 текст.корд;Брак 1 текст.корд;Качество компонента
1K3;1K;1.ТЕКСТ.КОРД(1K);1K - 1.ТЕКСТ.КОРД(1K);1K3-Некорректное наложение 1 текст.корда;Некорректное наложение 1 текст.корда;Настройка
1K4;1K;1.ТЕКСТ.КОРД(1K);1K - 1.ТЕКСТ.КОРД(1K);1K4-Настройка наложения 1 текст.корда;Настройка наложения 1 текст.корда;Настройка
1K5;1K;1.ТЕКСТ.КОРД(1K);1K - 1.ТЕКСТ.КОРД(1K);1K5-Настройка подачи/реза 1 текст.корда;Настройка подачи/реза 1 текст.корда;Настройка
1K6;1K;1.ТЕКСТ.КОРД(1K);1K - 1.ТЕКСТ.КОРД(1K);1K6-Затор 1 текст. корда под планку ножа;Затор 1 текст. корда под планку ножа;Затор компонента
1K7;1K;1.ТЕКСТ.КОРД(1K);1K - 1.ТЕКСТ.КОРД(1K);1K7-Затор 1 текст. корда на резаке;Затор 1 текст. корда на резаке;Затор компонента
1K8;1K;1.ТЕКСТ.КОРД(1K);1K - 1.ТЕКСТ.КОРД(1K);1K8-Затор 1 текст. корд между конвейерами;Затор 1 текст. корд между конвейерами;Затор компонента
1K9;1K;1.ТЕКСТ.КОРД(1K);1K - 1.ТЕКСТ.КОРД(1K);1K9-Ремонт системы подачи 1 текстильного корда, дать пояснение;Ремонт системы подачи 1 текстильного корда, дать пояснение;Ремонт
2B0;2B;2.СТ.БРЕКЕР(2В);2B - 2.СТ.БРЕКЕР(2В);2B0-Отсутствие 2 брекера, ТВМ работает;Отсутствие 2 брекера, ТВМ работает;Отсутствие компонента
2B10;2B;2.СТ.БРЕКЕР(2В);2B - 2.СТ.БРЕКЕР(2В);2B10-Сработал детектор проволоки/чужеродного объекта 2 брекера;Сработал детектор проволоки/чужеродного объекта 2 брекера;Качество компонента
2B11;2B;2.СТ.БРЕКЕР(2В);2B - 2.СТ.БРЕКЕР(2В);2B11-Сбой оси/перегруз  конвейера 2 брекера;Сбой оси/перегруз  конвейера 2 брекера;Сбой
2B12;2B;2.СТ.БРЕКЕР(2В);2B - 2.СТ.БРЕКЕР(2В);2B12-Сбой на станции размотки 2 брекера;Сбой на станции размотки 2 брекера;Сбой
2B13;2B;2.СТ.БРЕКЕР(2В);2B - 2.СТ.БРЕКЕР(2В);2B13-Не замеряет 2 брекер;Не замеряет 2 брекер;Сбой
2B14;2B;2.СТ.БРЕКЕР(2В);2B - 2.СТ.БРЕКЕР(2В);2B14-Не подается на барабан 2 брекер;Не подается на барабан 2 брекер;Сбой
2B15;2B;2.СТ.БРЕКЕР(2В);2B - 2.СТ.БРЕКЕР(2В);2B15-Замена ножа 2 брекера;Замена ножа 2 брекера;Ремонт
2B16;2B;2.СТ.БРЕКЕР(2В);2B - 2.СТ.БРЕКЕР(2В);2B16- Сбой системы центрирования 2 брекер; Сбой системы центрирования 2 брекер;Сбой
2B1;2B;2.СТ.БРЕКЕР(2В);2B - 2.СТ.БРЕКЕР(2В);2B1-Отсутствие 2 брекера;Отсутствие 2 брекера;Отсутствие компонента
2B2;2B;2.СТ.БРЕКЕР(2В);2B - 2.СТ.БРЕКЕР(2В);2B2-Брак 2 брекера;Брак 2 брекера;Качество компонента
2B3;2B;2.СТ.БРЕКЕР(2В);2B - 2.СТ.БРЕКЕР(2В);2B3-Некорректное наложение 2 брекера;Некорректное наложение 2 брекера;Настройка
2B4;2B;2.СТ.БРЕКЕР(2В);2B - 2.СТ.БРЕКЕР(2В);2B4-Настройка наложения 2 брекера;Настройка наложения 2 брекера;Настройка
2B5;2B;2.СТ.БРЕКЕР(2В);2B - 2.СТ.БРЕКЕР(2В);2B5-Настройка подачи/реза 2 брекера;Настройка подачи/реза 2 брекера;Настройка
2B6;2B;2.СТ.БРЕКЕР(2В);2B - 2.СТ.БРЕКЕР(2В);2B6-Затор 2 брекера под планку ножа;Затор 2 брекера под планку ножа;Затор компонента
2B7;2B;2.СТ.БРЕКЕР(2В);2B - 2.СТ.БРЕКЕР(2В);2B7-Затор 2 брекера на ноже;Затор 2 брекера на ноже;Затор компонента
2B8;2B;2.СТ.БРЕКЕР(2В);2B - 2.СТ.БРЕКЕР(2В);2B8-Затор 2 брекера между конвейерами;Затор 2 брекера между конвейерами;Затор компонента
2B9;2B;2.СТ.БРЕКЕР(2В);2B - 2.СТ.БРЕКЕР(2В);2B9-Ремонт системы подачи 2 брекера, дать пояснение;Ремонт системы подачи 2 брекера, дать пояснение;Ремонт
2K0;2K;2.ТЕКСТ. КОРД(2K);2K - 2.ТЕКСТ. КОРД(2K);2K0-Отсутствие 2 текстильного корда, ТВМ работает;Отсутствие 2 текстильного корда, ТВМ работает;Отсутствие компонента
2K10;2K;2.ТЕКСТ. КОРД(2K);2K - 2.ТЕКСТ. КОРД(2K);2K10-Сработал  детектор складки 2 текст.корда;Сработал  детектор складки 2 текст.корда;Качество компонента
2K11;2K;2.ТЕКСТ. КОРД(2K);2K - 2.ТЕКСТ. КОРД(2K);2K11-Сбой оси/перегруз  конвейера 2 текст.корда;Сбой оси/перегруз  конвейера 2 текст.корда;Сбой
2K12;2K;2.ТЕКСТ. КОРД(2K);2K - 2.ТЕКСТ. КОРД(2K);2K12-Сбой на станции размотки 2 текст.корда;Сбой на станции размотки 2 текст.корда;Сбой
2K13;2K;2.ТЕКСТ. КОРД(2K);2K - 2.ТЕКСТ. КОРД(2K);2K13-Не замеряет 2 текст.корд;Не замеряет 2 текст.корд;Сбой
2K14;2K;2.ТЕКСТ. КОРД(2K);2K - 2.ТЕКСТ. КОРД(2K);2K14-Не подается на барабан 2 текст.корд;Не подается на барабан 2 текст.корд;Сбой
2K15;2K;2.ТЕКСТ. КОРД(2K);2K - 2.ТЕКСТ. КОРД(2K);2K15-Замена ножа 2 текст.корд;Замена ножа 2 текст.корд;Ремонт
2K16;2K;2.ТЕКСТ. КОРД(2K);2K - 2.ТЕКСТ. КОРД(2K);2K16-Сбой системы центрирования 2 текст.корда;Сбой системы центрирования 2 текст.корда;Сбой
2K1;2K;2.ТЕКСТ. КОРД(2K);2K - 2.ТЕКСТ. КОРД(2K);2K1-Отсутствие 2 текстильного корда;Отсутствие 2 текстильного корда;Отсутствие компонента
2K2;2K;2.ТЕКСТ. КОРД(2K);2K - 2.ТЕКСТ. КОРД(2K);2K2-Брак 2 текст.корд;Брак 2 текст.корд;Качество компонента
2K3;2K;2.ТЕКСТ. КОРД(2K);2K - 2.ТЕКСТ. КОРД(2K);2K3-Некорректное наложение 2 текст.корда;Некорректное наложение 2 текст.корда;Настройка
2K4;2K;2.ТЕКСТ. КОРД(2K);2K - 2.ТЕКСТ. КОРД(2K);2K4-Настройка наложения 2 текст.корда;Настройка наложения 2 текст.корда;Настройка
2K5;2K;2.ТЕКСТ. КОРД(2K);2K - 2.ТЕКСТ. КОРД(2K);2K5-Настройка подачи/реза 2 текст.корда;Настройка подачи/реза 2 текст.корда;Настройка
2K6;2K;2.ТЕКСТ. КОРД(2K);2K - 2.ТЕКСТ. КОРД(2K);2K6-Затор 2 текст. корда под планку ножа;Затор 2 текст. корда под планку ножа;Затор компонента
2K7;2K;2.ТЕКСТ. КОРД(2K);2K - 2.ТЕКСТ. КОРД(2K);2K7-Затор 2 текст. корда на резаке;Затор 2 текст. корда на резаке;Затор компонента
2K8;2K;2.ТЕКСТ. КОРД(2K);2K - 2.ТЕКСТ. КОРД(2K);2K8-Затор 2 текст. корд между конвейерами;Затор 2 текст. корд между конвейерами;Затор компонента
2K9;2K;2.ТЕКСТ. КОРД(2K);2K - 2.ТЕКСТ. КОРД(2K);2K9-Ремонт системы подачи 2 текстильного корда, дать пояснение;Ремонт системы подачи 2 текстильного корда, дать пояснение;Ремонт
A0;A;БОРТОВОЕ КОЛЬЦО(А);A - БОРТОВОЕ КОЛЬЦО(А);A0-Отсутствие арех (ТВМ работает);Отсутствие арех (ТВМ работает);Отсутствие компонента
A10;A;БОРТОВОЕ КОЛЬЦО(А);A - БОРТОВОЕ КОЛЬЦО(А);A10-Арех не обнаружен;Арех не обнаружен;Сбой
A11;A;БОРТОВОЕ КОЛЬЦО(А);A - БОРТОВОЕ КОЛЬЦО(А);A11-Сбой робота арех;Сбой робота арех;Сбой
A12;A;БОРТОВОЕ КОЛЬЦО(А);A - БОРТОВОЕ КОЛЬЦО(А);A12-Сбой на станции загрузки арех;Сбой на станции загрузки арех;Сбой
A13;A;БОРТОВОЕ КОЛЬЦО(А);A - БОРТОВОЕ КОЛЬЦО(А);A13-Сбой загрузчика арех;Сбой загрузчика арех;Сбой
A14;A;БОРТОВОЕ КОЛЬЦО(А);A - БОРТОВОЕ КОЛЬЦО(А);A14-Работа без робота;Работа без робота;Ремонт
A15;A;БОРТОВОЕ КОЛЬЦО(А);A - БОРТОВОЕ КОЛЬЦО(А);A15-Сбой установщика арех;Сбой установщика арех;Сбой
A16;A;БОРТОВОЕ КОЛЬЦО(А);A - БОРТОВОЕ КОЛЬЦО(А);A16-Перезагрузка станции арех;Перезагрузка станции арех;Сбой
A1;A;БОРТОВОЕ КОЛЬЦО(А);A - БОРТОВОЕ КОЛЬЦО(А);A1-Отсутствие арех;Отсутствие арех;Отсутствие компонента
A2;A;БОРТОВОЕ КОЛЬЦО(А);A - БОРТОВОЕ КОЛЬЦО(А);A2-Брак арех;Брак арех;Качество компонента
A3;A;БОРТОВОЕ КОЛЬЦО(А);A - БОРТОВОЕ КОЛЬЦО(А);A3-Некорректная посадка арех;Некорректная посадка арех;Настройка
A4;A;БОРТОВОЕ КОЛЬЦО(А);A - БОРТОВОЕ КОЛЬЦО(А);A4-Настройка посадки арех;Настройка посадки арех;Настройка
A9;A;БОРТОВОЕ КОЛЬЦО(А);A - БОРТОВОЕ КОЛЬЦО(А);A9-Ремонт узлов арех, дать пояснение;Ремонт узлов арех, дать пояснение;Ремонт
BT11;BT;БРЕКЕРНЫЙ БАРАБАН(BТ);BT - БРЕКЕРНЫЙ БАРАБАН(BТ);BT11-Ремонт монитора BTMO;Ремонт монитора BTMO;Ремонт
BТ12;BT;БРЕКЕРНЫЙ БАРАБАН(BТ);BT - БРЕКЕРНЫЙ БАРАБАН(BТ);BТ12-Сбой монитора BTMO;Сбой монитора BTMO;Сбой
BТ4;BT;БРЕКЕРНЫЙ БАРАБАН(BТ);BT - БРЕКЕРНЫЙ БАРАБАН(BТ);BТ4-Настройка брекерного барабана, дать пояснения;Настройка брекерного барабана, дать пояснения;Настройка
BТ5;BT;БРЕКЕРНЫЙ БАРАБАН(BТ);BT - БРЕКЕРНЫЙ БАРАБАН(BТ);BТ5-ВТ-барабан  не сужается;ВТ-барабан  не сужается;Ремонт
BТ6;BT;БРЕКЕРНЫЙ БАРАБАН(BТ);BT - БРЕКЕРНЫЙ БАРАБАН(BТ);BТ6-ВТ-барабан не расширяется;ВТ-барабан не расширяется;Ремонт
BТ7;BT;БРЕКЕРНЫЙ БАРАБАН(BТ);BT - БРЕКЕРНЫЙ БАРАБАН(BТ);BТ7-Сбой вращения/перемещения ВТ-барабана;Сбой вращения/перемещения ВТ-барабана;Сбой
BТ9;BT;БРЕКЕРНЫЙ БАРАБАН(BТ);BT - БРЕКЕРНЫЙ БАРАБАН(BТ);BТ9-Ремонт ВТ-барабана, дать пояснения;Ремонт ВТ-барабана, дать пояснения;Ремонт
C0;C;ПЕРЕХОД(С);C - ПЕРЕХОД(С);C0-Тест R&D;Тест R&D;Тестовый режим
C10;C;ПЕРЕХОД(С);C - ПЕРЕХОД(С);C10-Ожидание результатов продукта 4;Ожидание результатов продукта 4;Ожидание результата перехода
C1;C;ПЕРЕХОД(С);C - ПЕРЕХОД(С);C1-Переход между текущими сериями;Переход между текущими сериями;Переход
C2;C;ПЕРЕХОД(С);C - ПЕРЕХОД(С);C2-Переход на другой типоразмер;Переход на другой типоразмер;Переход
C3;C;ПЕРЕХОД(С);C - ПЕРЕХОД(С);C3-Сборка старовой партии продукта 1;Сборка старовой партии продукта 1;Сборка стартовой партии
C4;C;ПЕРЕХОД(С);C - ПЕРЕХОД(С);C4-Сборка старовой партии продукта 2;Сборка старовой партии продукта 2;Сборка стартовой партии
C5;C;ПЕРЕХОД(С);C - ПЕРЕХОД(С);C5-Сборка старовой партии продукта 3;Сборка старовой партии продукта 3;Сборка стартовой партии
C6;C;ПЕРЕХОД(С);C - ПЕРЕХОД(С);C6-Сборка старовой партии продукта 4;Сборка старовой партии продукта 4;Сборка стартовой партии
C7;C;ПЕРЕХОД(С);C - ПЕРЕХОД(С);C7-Ожидание результатов продукта 1;Ожидание результатов продукта 1;Ожидание результата перехода
C8;C;ПЕРЕХОД(С);C - ПЕРЕХОД(С);C8-Ожидание результатов продукта 2;Ожидание результатов продукта 2;Ожидание результата перехода
C9;C;ПЕРЕХОД(С);C - ПЕРЕХОД(С);C9-Ожидание результатов продукта 3;Ожидание результатов продукта 3;Ожидание результата перехода
F4;F;СЪЕМЩИК ЗШ / РОБОТ(F);F - СЪЕМЩИК ЗШ / РОБОТ(F);F4-Настройка съемщика шин, дать пояснения;Настройка съемщика шин, дать пояснения;Настройка
F5;F;СЪЕМЩИК ЗШ / РОБОТ(F);F - СЪЕМЩИК ЗШ / РОБОТ(F);F5-Съемщик не работает;Съемщик не работает;Сбои на окраске или вулканизации
F6;F;СЪЕМЩИК ЗШ / РОБОТ(F);F - СЪЕМЩИК ЗШ / РОБОТ(F);F6-Не работает робот;Не работает робот;Сбои на окраске или вулканизации
F9;F;СЪЕМЩИК ЗШ / РОБОТ(F);F - СЪЕМЩИК ЗШ / РОБОТ(F);F9-Ремонт съемщика шин, дать пояснения;Ремонт съемщика шин, дать пояснения;Ремонт
I0;I;ГЕРМОСЛОЙ(i);I - ГЕРМОСЛОЙ(i);I0-Отсутствие гермослоя, ТВМ работает;Отсутствие гермослоя, ТВМ работает;Отсутствие компонента
I12;I;ГЕРМОСЛОЙ(i);I - ГЕРМОСЛОЙ(i);I12-Сбой на станции размотки гермослоя;Сбой на станции размотки гермослоя;Сбой
I16;I;ГЕРМОСЛОЙ(i);I - ГЕРМОСЛОЙ(i);I16-Сбой системы центрирования гермослоя;Сбой системы центрирования гермослоя;Сбой
I1;I;ГЕРМОСЛОЙ(i);I - ГЕРМОСЛОЙ(i);I1-Отсутствие гермослоя;Отсутствие гермослоя;Отсутствие компонента
I2;I;ГЕРМОСЛОЙ(i);I - ГЕРМОСЛОЙ(i);I2-Брак гермослоя;Брак гермослоя;Качество компонента
I4;I;ГЕРМОСЛОЙ(i);I - ГЕРМОСЛОЙ(i);I4-Настройка подачи гермослоя;Настройка подачи гермослоя;Настройка
I9;I;ГЕРМОСЛОЙ(i);I - ГЕРМОСЛОЙ(i);I9-Ремонт системы подачи гермослоя, дать пояснение;Ремонт системы подачи гермослоя, дать пояснение;Ремонт
J0;J;JLB-БАНДАЖ(J);J - JLB-БАНДАЖ(J);J0-Отсутствие JLB, ТВМ работает;Отсутствие JLB, ТВМ работает;Отсутствие компонента
J10;J;JLB-БАНДАЖ(J);J - JLB-БАНДАЖ(J);J10-Конец JLB убежал;Конец JLB убежал;Затор компонента
J11;J;JLB-БАНДАЖ(J);J - JLB-БАНДАЖ(J);J11-Сбой оси/перегруз двигателя JLB;Сбой оси/перегруз двигателя JLB;Сбой
J12;J;JLB-БАНДАЖ(J);J - JLB-БАНДАЖ(J);J12-Сбой на станции размотки JLB;Сбой на станции размотки JLB;Сбой
J13;J;JLB-БАНДАЖ(J);J - JLB-БАНДАЖ(J);J13-Неполное использование бабины JLB ;Неполное использование бабины JLB ;Качество компонента
J14;J;JLB-БАНДАЖ(J);J - JLB-БАНДАЖ(J);J14-Нет подачи  JLB на барабан;Нет подачи  JLB на барабан;Сбой
J15;J;JLB-БАНДАЖ(J);J - JLB-БАНДАЖ(J);J15-Замена ножа JLB;Замена ножа JLB;Ремонт
J1;J;JLB-БАНДАЖ(J);J - JLB-БАНДАЖ(J);J1-Отсутствие JLB;Отсутствие JLB;Отсутствие компонента
J2;J;JLB-БАНДАЖ(J);J - JLB-БАНДАЖ(J);J2-Брак JLB ;Брак JLB ;Качество компонента
J3;J;JLB-БАНДАЖ(J);J - JLB-БАНДАЖ(J);J3-Некорректное наложение JLB;Некорректное наложение JLB;Настройка
J4;J;JLB-БАНДАЖ(J);J - JLB-БАНДАЖ(J);J4-Настройка наложения JLB;Настройка наложения JLB;Настройка
J5;J;JLB-БАНДАЖ(J);J - JLB-БАНДАЖ(J);J5-Настройка подачи/реза JLB;Настройка подачи/реза JLB;Настройка
J6;J;JLB-БАНДАЖ(J);J - JLB-БАНДАЖ(J);J6-JLB слетело с роликов;JLB слетело с роликов;Затор компонента
J7;J;JLB-БАНДАЖ(J);J - JLB-БАНДАЖ(J);J7-JLB намотало на рефлёный ролик;JLB намотало на рефлёный ролик;Затор компонента
J8;J;JLB-БАНДАЖ(J);J - JLB-БАНДАЖ(J);J8-Обрыв JLB;Обрыв JLB;Затор компонента
J9;J;JLB-БАНДАЖ(J);J - JLB-БАНДАЖ(J);J9-Ремонт системы подачи JLB, дать пояснение;Ремонт системы подачи JLB, дать пояснение;Ремонт
O11;O;ДРУГОЕ(О);O - ДРУГОЕ(О);O11-Запуск после остановки/выходных;Запуск после остановки/выходных;Прочее
O16;O;ДРУГОЕ(О);O - ДРУГОЕ(О);O16-Настроки VMI специалистами;Настроки VMI специалистами;Прочее
O1;O;ДРУГОЕ(О);O - ДРУГОЕ(О);O1-Нет необходимости;Нет необходимости;Прочее
O2;O;ДРУГОЕ(О);O - ДРУГОЕ(О);O2-ППР;ППР;Регламентное обслуживание
O3;O;ДРУГОЕ(О);O - ДРУГОЕ(О);O3-Запуск после ППР;Запуск после ППР;Регламентное обслуживание
O4;O;ДРУГОЕ(О);O - ДРУГОЕ(О);O4-Обучение стажера;Обучение стажера;Прочее
O5;O;ДРУГОЕ(О);O - ДРУГОЕ(О);O5-Перекодировка компонента;Перекодировка компонента;Отсутствие компонента
O8;O;ДРУГОЕ(О);O - ДРУГОЕ(О);O8-Параллельное производство;Параллельное производство;Прочее
O9;O;ДРУГОЕ(О);O - ДРУГОЕ(О);O9-Остановка ТВМ, дать пояснение;Остановка ТВМ, дать пояснение;Прочее
Р10;P;ПРЕДСБОРКА(Р);P - ПРЕДСБОРКА(Р);Р10-Сработал  детектор складки РА;Сработал  детектор складки РА;Затор компонента
Р11;P;ПРЕДСБОРКА(Р);P - ПРЕДСБОРКА(Р);Р11-Сбой оси/перегруз  конвейера РА;Сбой оси/перегруз  конвейера РА;Сбой
Р13;P;ПРЕДСБОРКА(Р);P - ПРЕДСБОРКА(Р);Р13-Не замеряет предсборку;Не замеряет предсборку;Сбой
Р14;P;ПРЕДСБОРКА(Р);P - ПРЕДСБОРКА(Р);Р14-РА не подается на барабан;РА не подается на барабан;Сбой
Р15;P;ПРЕДСБОРКА(Р);P - ПРЕДСБОРКА(Р);Р15-Замена ножа РА;Замена ножа РА;Ремонт
Р16;P;ПРЕДСБОРКА(Р);P - ПРЕДСБОРКА(Р);Р16-Сбой системы центрирования РА;Сбой системы центрирования РА;Сбой
Р3;P;ПРЕДСБОРКА(Р);P - ПРЕДСБОРКА(Р);Р3-Некорректное наложение РА;Некорректное наложение РА;Настройка
Р4;P;ПРЕДСБОРКА(Р);P - ПРЕДСБОРКА(Р);Р4-Настройка наложения РА;Настройка наложения РА;Настройка
Р5;P;ПРЕДСБОРКА(Р);P - ПРЕДСБОРКА(Р);Р5-Настройка подачи/реза РА;Настройка подачи/реза РА;Настройка
Р6;P;ПРЕДСБОРКА(Р);P - ПРЕДСБОРКА(Р);Р6-Затор РА под планку ножа;Затор РА под планку ножа;Затор компонента
Р7;P;ПРЕДСБОРКА(Р);P - ПРЕДСБОРКА(Р);Р7-Затор РА на резаке;Затор РА на резаке;Затор компонента
Р8;P;ПРЕДСБОРКА(Р);P - ПРЕДСБОРКА(Р);Р8-Затор РА между конвейерами;Затор РА между конвейерами;Затор компонента
Р9;P;ПРЕДСБОРКА(Р);P - ПРЕДСБОРКА(Р);Р9-Ремонт системы подачи РА, дать пояснение;Ремонт системы подачи РА, дать пояснение;Ремонт
PA14;PA;АППЛИКАТОР РА(PA);PA - АППЛИКАТОР РА(PA);PA14-Сбой аппликатора стикеров;Сбой аппликатора стикеров;Сбой
РA11;PA;АППЛИКАТОР РА(PA);PA - АППЛИКАТОР РА(PA);РA11-Сбой оси/перегруз  конвейера аппликатора РА;Сбой оси/перегруз  конвейера аппликатора РА;Сбой
РA12;PA;АППЛИКАТОР РА(PA);PA - АППЛИКАТОР РА(PA);РA12-Аппликатор РА не опускается/ не поднимается;Аппликатор РА не опускается/ не поднимается;Сбой
РA15;PA;АППЛИКАТОР РА(PA);PA - АППЛИКАТОР РА(PA);РA15-Замена стикеров;Замена стикеров;Настройка
РA16;PA;АППЛИКАТОР РА(PA);PA - АППЛИКАТОР РА(PA);РA16-Ремонт аппликатора стикеров;Ремонт аппликатора стикеров;Ремонт
РA4;PA;АППЛИКАТОР РА(PA);PA - АППЛИКАТОР РА(PA);РA4-Настройка аппликатор РА, дать пояснения;Настройка аппликатор РА, дать пояснения;Настройка
РA9;PA;АППЛИКАТОР РА(PA);PA - АППЛИКАТОР РА(PA);РA9-Ремонт аппликатор РА, дать пояснения;Ремонт аппликатор РА, дать пояснения;Ремонт
PM1;PM;ПОКРАСОЧНАЯ МАШИНА(РМ);PM - ПОКРАСОЧНАЯ МАШИНА(РМ);PM1-Нет телег для зеленых шин;Нет телег для зеленых шин;Прочее
PM2;PM;ПОКРАСОЧНАЯ МАШИНА(РМ);PM - ПОКРАСОЧНАЯ МАШИНА(РМ);PM2-Потолочный конвейер заполнен;Потолочный конвейер заполнен;Прочее
PM3;PM;ПОКРАСОЧНАЯ МАШИНА(РМ);PM - ПОКРАСОЧНАЯ МАШИНА(РМ);PM3-Лифт не работает;Лифт не работает;Сбои на окраске или вулканизации
PM4;PM;ПОКРАСОЧНАЯ МАШИНА(РМ);PM - ПОКРАСОЧНАЯ МАШИНА(РМ);PM4-Настройка покрасойчной машины, дать пояснение;Настройка покрасойчной машины, дать пояснение;Сбои на окраске или вулканизации
PM6;PM;ПОКРАСОЧНАЯ МАШИНА(РМ);PM - ПОКРАСОЧНАЯ МАШИНА(РМ);PM6-Большие стоки;Большие стоки;Прочее
PM7;PM;ПОКРАСОЧНАЯ МАШИНА(РМ);PM - ПОКРАСОЧНАЯ МАШИНА(РМ);PM7-Пересорт на покрасочной машине;Пересорт на покрасочной машине;Сбои на окраске или вулканизации
PM8;PM;ПОКРАСОЧНАЯ МАШИНА(РМ);PM - ПОКРАСОЧНАЯ МАШИНА(РМ);PM8-ППР на покрасочной машине;ППР на покрасочной машине;Регламентное обслуживание
PM9;PM;ПОКРАСОЧНАЯ МАШИНА(РМ);PM - ПОКРАСОЧНАЯ МАШИНА(РМ);PM9-Ремонт покрасочной машины, дать пояснения;Ремонт покрасочной машины, дать пояснения;Сбои на окраске или вулканизации
Q4;Q;КОНТРОЛЬ КАЕСТВА(Q);Q - КОНТРОЛЬ КАЕСТВА(Q);Q4-Инженер по качеству производит настройки;Инженер по качеству производит настройки;Контроль качества
Q5;Q;КОНТРОЛЬ КАЕСТВА(Q);Q - КОНТРОЛЬ КАЕСТВА(Q);Q5-Сборка тестовой партии (брак);Сборка тестовой партии (брак);Контроль качества
Q6;Q;КОНТРОЛЬ КАЕСТВА(Q);Q - КОНТРОЛЬ КАЕСТВА(Q);Q6-Ожидание результатов тестовой серии по браку;Ожидание результатов тестовой серии по браку;Контроль качества
S0;S;БОКОВИНА(S);S - БОКОВИНА(S);S0-Отсутствие боковины, ТВМ работает;Отсутствие боковины, ТВМ работает;Отсутствие компонента
S12;S;БОКОВИНА(S);S - БОКОВИНА(S);S12-Сбой на станции размотки боковин;Сбой на станции размотки боковин;Сбой
S16;S;БОКОВИНА(S);S - БОКОВИНА(S);S16-Сбой системы центрирования боковин;Сбой системы центрирования боковин;Сбой
S1;S;БОКОВИНА(S);S - БОКОВИНА(S);S1-Отсутствие боковины;Отсутствие боковины;Отсутствие компонента
S2;S;БОКОВИНА(S);S - БОКОВИНА(S);S2-Брак боковин;Брак боковин;Качество компонента
S4;S;БОКОВИНА(S);S - БОКОВИНА(S);S4-Настройка подачи боковин;Настройка подачи боковин;Настройка
S7;S;БОКОВИНА(S);S - БОКОВИНА(S);S7-Затор боковин в направляющих;Затор боковин в направляющих;Затор компонента
S8;S;БОКОВИНА(S);S - БОКОВИНА(S);S8-Затор боковин на конвейере;Затор боковин на конвейере;Затор компонента
S9;S;БОКОВИНА(S);S - БОКОВИНА(S);S9-Ремонт системы подачи боковин, дать пояснение;Ремонт системы подачи боковин, дать пояснение;Ремонт
Т0;T;ПРОТЕКТОР(Т);T - ПРОТЕКТОР(Т);Т0-Отсутствие протектора, ТВМ работает;Отсутствие протектора, ТВМ работает;Отсутствие компонента
Т10;T;ПРОТЕКТОР(Т);T - ПРОТЕКТОР(Т);Т10-Сработал детектор складки протектора;Сработал детектор складки протектора;Качество компонента
Т11;T;ПРОТЕКТОР(Т);T - ПРОТЕКТОР(Т);Т11-Сбой оси/перегруз  конвейера протектора;Сбой оси/перегруз  конвейера протектора;Сбой
Т12;T;ПРОТЕКТОР(Т);T - ПРОТЕКТОР(Т);Т12-Сбой на станции размотки протектора, дать пояснение;Сбой на станции размотки протектора, дать пояснение;Сбой
Т13;T;ПРОТЕКТОР(Т);T - ПРОТЕКТОР(Т);Т13-Не замеряет протектор;Не замеряет протектор;Сбой
Т14;T;ПРОТЕКТОР(Т);T - ПРОТЕКТОР(Т);Т14-Протектор не подается на барабан;Протектор не подается на барабан;Сбой
Т15;T;ПРОТЕКТОР(Т);T - ПРОТЕКТОР(Т);Т15-Замена ножа протектора;Замена ножа протектора;Ремонт
Т16;T;ПРОТЕКТОР(Т);T - ПРОТЕКТОР(Т);Т16-Сбой системы центрирования протектора;Сбой системы центрирования протектора;Сбой
Т1;T;ПРОТЕКТОР(Т);T - ПРОТЕКТОР(Т);Т1-Отсутствие протектора;Отсутствие протектора;Отсутствие компонента
Т2;T;ПРОТЕКТОР(Т);T - ПРОТЕКТОР(Т);Т2-Брак протектора;Брак протектора;Качество компонента
Т3;T;ПРОТЕКТОР(Т);T - ПРОТЕКТОР(Т);Т3-Некорректное наложение протектора;Некорректное наложение протектора;Настройка
Т4;T;ПРОТЕКТОР(Т);T - ПРОТЕКТОР(Т);Т4-Настройка наложения протектора;Настройка наложения протектора;Настройка
Т5;T;ПРОТЕКТОР(Т);T - ПРОТЕКТОР(Т);Т5-Настройка подачи/реза протектора;Настройка подачи/реза протектора;Настройка
Т7;T;ПРОТЕКТОР(Т);T - ПРОТЕКТОР(Т);Т7-Затор протектора на ноже;Затор протектора на ноже;Затор компонента
Т8;T;ПРОТЕКТОР(Т);T - ПРОТЕКТОР(Т);Т8-Затор протектора на конвейере;Затор протектора на конвейере;Затор компонента
Т9;T;ПРОТЕКТОР(Т);T - ПРОТЕКТОР(Т);Т9-Ремонт системы подачи протектора, дать пояснение;Ремонт системы подачи протектора, дать пояснение;Ремонт
W10;W;ОЖИДАНИЕ СПЕЦИАЛИСТА(W);W - ОЖИДАНИЕ СПЕЦИАЛИСТА(W);W10-Ожидание инженера по качеству;Ожидание инженера по качеству;Ожидание специалиста
W11;W;ОЖИДАНИЕ СПЕЦИАЛИСТА(W);W - ОЖИДАНИЕ СПЕЦИАЛИСТА(W);W11-Ожидание PLC/электромеханика;Ожидание PLC/электромеханика;Ожидание специалиста
W1;W;ОЖИДАНИЕ СПЕЦИАЛИСТА(W);W - ОЖИДАНИЕ СПЕЦИАЛИСТА(W);W1-Нет подменного оператора;Нет подменного оператора;Прочее
W2;W;ОЖИДАНИЕ СПЕЦИАЛИСТА(W);W - ОЖИДАНИЕ СПЕЦИАЛИСТА(W);W2-Опаздала развозка;Опаздала развозка;Прочее
W4;W;ОЖИДАНИЕ СПЕЦИАЛИСТА(W);W - ОЖИДАНИЕ СПЕЦИАЛИСТА(W);W4-Ожидание наладчика;Ожидание наладчика;Ожидание специалиста
W9;W;ОЖИДАНИЕ СПЕЦИАЛИСТА(W);W - ОЖИДАНИЕ СПЕЦИАЛИСТА(W);W9-Ожидание механика;Ожидание механика;Ожидание специалиста
XC10;XC;КАРКАСНЫЙ БАРАБАН(XC);XC - КАРКАСНЫЙ БАРАБАН(XC);XC10-Замена каркасных барабанов;Замена каркасных барабанов;Настройка
XC11;XC;КАРКАСНЫЙ БАРАБАН(XC);XC - КАРКАСНЫЙ БАРАБАН(XC);XC11-Ремонт монитора CCMO;Ремонт монитора CCMO;Ремонт
XC12;XC;КАРКАСНЫЙ БАРАБАН(XC);XC - КАРКАСНЫЙ БАРАБАН(XC);XC12-Сбой монитора CCMO;Сбой монитора CCMO;Сбой
XC2;XC;КАРКАСНЫЙ БАРАБАН(XC);XC - КАРКАСНЫЙ БАРАБАН(XC);XC2-Настройка формования;Настройка формования;Настройка
XC4;XC;КАРКАСНЫЙ БАРАБАН(XC);XC - КАРКАСНЫЙ БАРАБАН(XC);XC4-Настройка каркасного барабана, дать пояснения;Настройка каркасного барабана, дать пояснения;Настройка
XC5;XC;КАРКАСНЫЙ БАРАБАН(XC);XC - КАРКАСНЫЙ БАРАБАН(XC);XC5-Каркасный барабан не выворачивает;Каркасный барабан не выворачивает;Настройка
XC6;XC;КАРКАСНЫЙ БАРАБАН(XC);XC - КАРКАСНЫЙ БАРАБАН(XC);XC6-Замена выворачивающей диафрагмы;Замена выворачивающей диафрагмы;Настройка
XC7;XC;КАРКАСНЫЙ БАРАБАН(XC);XC - КАРКАСНЫЙ БАРАБАН(XC);XC7-Сбой вращения/перемещения каркасного барабана;Сбой вращения/перемещения каркасного барабана;Сбой
XC8;XC;КАРКАСНЫЙ БАРАБАН(XC);XC - КАРКАСНЫЙ БАРАБАН(XC);XC8-Ремонт диафрагмы;Ремонт диафрагмы;Настройка
XC9;XC;КАРКАСНЫЙ БАРАБАН(XC);XC - КАРКАСНЫЙ БАРАБАН(XC);XC9-Ремонт каркасного барабана, дать пояснения;Ремонт каркасного барабана, дать пояснения;Ремонт
XD11;XD;ПРИКАТЧИКИ(XD);XD - ПРИКАТЧИКИ(XD);XD11-Сбой оси/перегруз;Сбой оси/перегруз;Сбой
XD4;XD;ПРИКАТЧИКИ(XD);XD - ПРИКАТЧИКИ(XD);XD4-Настройка прикатчиков, дать пояснения;Настройка прикатчиков, дать пояснения;Настройка
XD5;XD;ПРИКАТЧИКИ(XD);XD - ПРИКАТЧИКИ(XD);XD5-Не прикатывает;Не прикатывает;Настройка
XD9;XD;ПРИКАТЧИКИ(XD);XD - ПРИКАТЧИКИ(XD);XD9-Ремонт прикатчиков, дать пояснения;Ремонт прикатчиков, дать пояснения;Ремонт
XE11;XE;ТРАНСФЕР(XE);XE - ТРАНСФЕР(XE);XE11-Сбой оси/перемещения трасфера;Сбой оси/перемещения трасфера;Сбой
XE3;XE;ТРАНСФЕР(XE);XE - ТРАНСФЕР(XE);XE3-Повреждение брекерно-протекторного браслета;Повреждение брекерно-протекторного браслета;Настройка
XE4;XE;ТРАНСФЕР(XE);XE - ТРАНСФЕР(XE);XE4-Настройка трансфера, дать пояснения;Настройка трансфера, дать пояснения;Настройка
XE5;XE;ТРАНСФЕР(XE);XE - ТРАНСФЕР(XE);XE5-Трансфер не забирает браслет;Трансфер не забирает браслет;Ремонт
XE9;XE;ТРАНСФЕР(XE);XE - ТРАНСФЕР(XE);XE9-Ремонт трансфера, дать пояснения;Ремонт трансфера, дать пояснения;Ремонт
XL10;XL;НЕИСПРАВН. ОБОРУД.  (XL);XL - НЕИСПРАВН. ОБОРУД.  (XL);XL10-Сбой сетевого оборудования, дать пояснения;Сбой сетевого оборудования, дать пояснения;Сбой
XL16;XL;НЕИСПРАВН. ОБОРУД.  (XL);XL - НЕИСПРАВН. ОБОРУД.  (XL);XL16-Системный сбой, дать пояснение;Системный сбой, дать пояснение;Сбой
XL1;XL;НЕИСПРАВН. ОБОРУД.  (XL);XL - НЕИСПРАВН. ОБОРУД.  (XL);XL1-Нет напряжения/электрический сбой;Нет напряжения/электрический сбой;Сбой
XL2;XL;НЕИСПРАВН. ОБОРУД.  (XL);XL - НЕИСПРАВН. ОБОРУД.  (XL);XL2-Нет воздуха/сбой подачи воздуха;Нет воздуха/сбой подачи воздуха;Сбой
XL4;XL;НЕИСПРАВН. ОБОРУД.  (XL);XL - НЕИСПРАВН. ОБОРУД.  (XL);XL4-Сбой устройств безопасности;Сбой устройств безопасности;Сбой
XL5;XL;НЕИСПРАВН. ОБОРУД.  (XL);XL - НЕИСПРАВН. ОБОРУД.  (XL);XL5-Ремонт устройств безопасности;Ремонт устройств безопасности;Ремонт
XL6;XL;НЕИСПРАВН. ОБОРУД.  (XL);XL - НЕИСПРАВН. ОБОРУД.  (XL);XL6-Настройка устройств Vilant;Настройка устройств Vilant;Настройка
XL7;XL;НЕИСПРАВН. ОБОРУД.  (XL);XL - НЕИСПРАВН. ОБОРУД.  (XL);XL7-Ремонт устройств Vilant;Ремонт устройств Vilant;Ремонт
XL8;XL;НЕИСПРАВН. ОБОРУД.  (XL);XL - НЕИСПРАВН. ОБОРУД.  (XL);XL8-Ремонт ПК;Ремонт ПК;Ремонт
XL9;XL;НЕИСПРАВН. ОБОРУД.  (XL);XL - НЕИСПРАВН. ОБОРУД.  (XL);XL9-Ремонт сетевого оборудования, дать пояснения;Ремонт сетевого оборудования, дать пояснения;Ремонт
